File Name,Characters,Words,Sentences,Preprocess Time (ms),Algorithm Time (ms),Total Time (ms),Summary Words,Reduction (%)
Canada_NAtional_ai-strategy.pdf,94553,13630,558,5968.6150550842285,5317.024946212769,11285.640716552734,136,99.002201027146
demo.docx,26,6,1,12.373208999633789,8.70060920715332,21.07405662536621,6,0.0
Department of Employment and Social Development Act.pdf,288224,48553,1368,19273.801565170288,19552.92010307312,38826.72023773193,415,99.14526393837662
"DMP Policy - Victims, Witnesses, and the Military Community.pdf",4852,725,37,285.77351570129395,268.24331283569336,554.0189743041992,177,75.58620689655172
Official Languages Act.pdf,290048,47618,1131,17492.76828765869,18062.198162078857,35554.96835708618,1231,97.41484312654879
Simplii_digital-wallet-terms-of-service-for-customers.pdf,14194,2253,74,776.6821384429932,738.3794784545898,1515.064001083374,467,79.27208166888593
Simplii_Secure Messaging Terms and Conditions.pdf,5078,835,35,278.75399589538574,263.1213665008545,541.8767929077148,134,83.95209580838323
